id,recommandations
56d87c8bdabfae2eee45fce6,53e9bcd9b7602d97049602cb 56d90157dabfae2eeed9652a 53e9af0db7602d970394678e 53e9a04ab7602d9702932694 53e9a635b7602d9702f6439d 56d891d3dabfae2eeeee4b40 53e9ac89b7602d9703662765 558a3828e4b037c08755d8a6 53e99f94b7602d970286a80e 53e9bcdab7602d97049628fb 53e99f70b7602d970284730d 53e9b5c2b7602d970410e228 53e9b403b7602d9703ef608f 53e9ad18b7602d97036fb0b6 53e9a6cab7602d9702ffd3e6 53e9ab48b7602d97034da28b 53e99822b7602d9702040e36 53e9a081b7602d9702966f61 53e99858b7602d9702091ebf 53e9b009b7602d9703a64898
53e9b7d9b7602d9704389448,53e99e6ab7602d970272ee1b 53e9b857b7602d970441c4d8 53e9be79b7602d9704b3a683 558aa5dc84ae84d265bed51b 557f1a636fee0fe990caecb1 53e9b2c6b7602d9703d70a79 53e9a1c3b7602d9702abd4a5 53e998f6b7602d9702131130 53e9af4cb7602d970398d7f3 53e9aa10b7602d970337f51e 558a9da7e4b0b32fcb37d87f 557ee0d2d19faf961d16d246 53e99c04b7602d97024b1d56 53e9bba8b7602d97047f3895 53e9bb2fb7602d970476d2a2 53e9b4ceb7602d9703ff0502 53e9b56cb7602d97040a44ec 53e99bc6b7602d970246daec 573696ce6e3b12023e5cea43 53e9a5cdb7602d9702ef6bfd
53e99e04b7602d97026ca90e,53e9a4c0b7602d9702de31c9 53e9b6bfb7602d9704246f1b 53e9aa3bb7602d97033aa67a 53e9b26eb7602d9703d11cc9 53e997ecb7602d9701fe8fed 53e9b296b7602d9703d41319 53e99fc3b7602d970289e2a9 53e9b84ab7602d970440a56f 53e9af7bb7602d97039c3706 53e9b54fb7602d9704086488 53e99e0cb7602d97026d1f05 53e9987db7602d97020b6b1d 53e99fafb7602d97028888fc 53e9b828b7602d97043e101b 53e9b042b7602d9703aa0d88 53e9a9f0b7602d970335748f 53e9abe0b7602d970359c147 53e9a162b7602d9702a534b4 53e9b464b7602d9703f62002 53e9aa41b7602d97033ade84
53e9b32bb7602d9703dfdacf,53e99eaeb7602d97027765e8 53e9a97ab7602d97032d1ccf 53e9ab37b7602d97034c40af 53e9bd18b7602d97049a070e 53e99b1bb7602d97023b1cea 53e99de2b7602d97026a4401 53e9a2d5b7602d9702bde86b 53e9b556b7602d970408c92a 53e9b19bb7602d9703c24306 53e9b683b7602d97041f0234 53e9b78ab7602d97043323d2 53e99ed2b7602d970279d609 53e9a9dfb7602d970334500e 53e9aa8eb7602d97034072a0 53e9be86b7602d9704b46f66 53e9b87fb7602d970445276a 53e9ab2cb7602d97034ba5f8 53e99a7fb7602d97022f31be 53e9ae7db7602d970389e3ae 53e9aae6b7602d9703468bb2
53e9b9adb7602d970459ef8c,557dbd5fd19faf961d163753 53e9be57b7602d9704b1a127 53e9a1e1b7602d9702adef32 53e9aeddb7602d9703905f58 53e998a3b7602d97020dc6c8 53e9aad8b7602d97034570a0 53e9a472b7602d9702d8e7c9 53e9a026b7602d9702909637 53e9b344b7602d9703e185e9 53e9a289b7602d9702b8f511 53e9a122b7602d9702a0f0dc 53e9b968b7602d970455972a 53e9b437b7602d9703f32a0c 53e9a562b7602d9702e875b8 53e99f2eb7602d97027fba6c 53e9a171b7602d9702a61011 53e9a4b2b7602d9702dd1ba0 53e9b923b7602d970450adc9 53e9b2d1b7602d9703d7f726 53e99e13b7602d97026d9953
53e99f27b7602d97027f57ba,53e99a9fb7602d970231797f 53e9bd50b7602d97049e16e2 53e9b8b4b7602d9704491ff9 53e99b21b7602d97023b7ae6 53e99a91b7602d970230550b 53e9982cb7602d970204e432 53e9b94db7602d970453bfca 53e9b51bb7602d970404bb32 53e9ad98b7602d9703793a9c 53e9ba54b7602d97046702d0 53e99d2fb7602d97025e5be7 53e99f2eb7602d97027ff557 53e9b9fbb7602d97045f75db 53e9b46fb7602d9703f6f411 53e9ad47b7602d970372e298 53e9aeddb7602d9703906257 53e99de1b7602d97026a244a 53e99a14b7602d9702268bd1 53e9a20fb7602d9702b11662 53e9a2f3b7602d9702bfda11
53e9b8b4b7602d9704491ff9,53e99a9fb7602d970231797f 53e99d2fb7602d97025e5be7 53e9a2f3b7602d9702bfda11 53e9b94db7602d970453bfca 53e99ec4b7602d970278e267 53e99a91b7602d970230550b 53e9bcd2b7602d97049552b1 53e9ad5db7602d9703741a88 53e99a26b7602d970227f7b3 53e9b46fb7602d9703f6f411 53e99ae7b7602d970236f4d3 53e9ad6cb7602d9703756b9c 53e9ad47b7602d970372e298 53e99a14b7602d9702268bd1 53e9b9fbb7602d97045f75db 53e9bb0eb7602d9704746700 53e9a20fb7602d9702b11662 53e9bcfdb7602d97049866c3 53e9b4c3b7602d9703fde08c 53e9b5afb7602d97040f378b
53e9b783b7602d970432a895,53e9a026b7602d9702909637 53e99d9eb7602d970265d67d 53e9ac82b7602d9703657de0 53e9bbcfb7602d9704819a94 53e9a472b7602d9702d8e7c9 53e9a85cb7602d97031a7261 53e9a178b7602d9702a6796c 53e9997db7602d97021bc3c9 53e9a289b7602d9702b8f511 53e9af33b7602d970396caae 53e9a1e1b7602d9702adef32 53e99d88b7602d9702647400 53e9adbcb7602d97037bc1df 53e99f86b7602d970285d270 53e99d81b7602d970263e8f1 53e9a720b7602d97030587a1 53e9987db7602d97020b5e4b 557d8d62f6678c77ea21b3d4 53e9b991b7602d9704581b19 53e9a6aeb7602d9702fe32af
5c7831c34895d9cbc6848983,53e9b94cb7602d9704535ff9 53e99a04b7602d9702252836 53e9ad92b7602d970378e24b 53e9a905b7602d9703253b42 53e9aea4b7602d97038c8eb7 558a8140e4b037c087578a10 53e9ab48b7602d97034db57a 557d8c2cf6678c77ea21b33d 53e99be3b7602d970248984a 557e8476d19faf961d16a4a6 53e9b5c2b7602d970410be2f 53e9baadb7602d97046dce3a 599c7f07601a182cd28e4cd3 53e9aa32b7602d970339fd72 53e9bc10b7602d97048733d4 53e9ab3db7602d97034c96f1 53e9b316b7602d9703ddfcad 5582c5470cf2fcbbc5f1ccb3 53e9ae6fb7602d9703890085 53e99a8cb7602d9702300f5d
53e9a108b7602d97029f5b5b,53e9be22b7602d9704add709 53e9ab89b7602d9703533990 53e9ab1ab7602d97034a1376 53e9a216b7602d9702b1c020 53e99838b7602d9702061415 53e9addbb7602d97037e64b9 53e9bb23b7602d970475fdd3 53e99ac4b7602d970234594e 53e99cf5b7602d97025aaccf 53e99d29b7602d97025e0130 53e9ba7db7602d970469fd32 53e9a02db7602d97029101ef 53e9be44b7602d9704b0454e 53e9b1afb7602d9703c3c483 53e9b43db7602d9703f353d2 53e9a22bb7602d9702b2cd78 53e9b930b7602d97045198a3 53e9a3f4b7602d9702d0d312 53e9b4d4b7602d9703ff7537 53e9bb5ab7602d970479a7b2
53e99e61b7602d97027265ca,53e9a495b7602d9702db25dd 53e9ba9fb7602d97046c9113 53e9b4f5b7602d970402421f 53e9a04ab7602d9702931799 53e9b572b7602d97040ab6fc 53e9b2d1b7602d9703d7f8ff 53e9bb53b7602d9704792768 53e99d1bb7602d97025cf648 53e9be5eb7602d9704b21670 53e9b174b7602d9703bfc2fd 53e9b33db7602d9703e101ea 53e9a002b7602d97028e4272 53e9b65bb7602d97041b9162 53e9adb6b7602d97037b9067 53e99b26b7602d97023c1e9b 53e9bdfdb7602d9704ab0f9c 53e9a114b7602d9702a03ad1 53e99a7fb7602d97022f23b6 53e99c8cb7602d970253ec82 53e9b526b7602d9704058dc9
53e9afccb7602d9703a1fe9a,53e9ac43b7602d9703611646 53e9be72b7602d9704b3639a 53e99f94b7602d970286a80e 53e9ac95b7602d970366c936 5582cd0c0cf2fcbbc5f1d12e 53e9a74ab7602d970308548e 53e9bbadb7602d97047f6d78 53e99a5cb7602d97022c3d86 53e9ae29b7602d970383c558 558a5dff84ae84d265bd2e96 557d8b80f6678c77ea21b2dd 558a71bde4b0b32fcb36d8f7 5583e2990cf2fc72dff22ef9 5583e5860cf2b21478ede78a 53e9ba45b7602d9704656788 53e99ad1b7602d9702354ab2 5c8a7da94895d9cbc62e79a1 53e9aa7ab7602d97033f4a51 557dbd35d19faf961d16373b 558aa999e4b0b32fcb381fed
53e9adc7b7602d97037cc176,53e9a263b7602d9702b6d5d4 53e997fcb7602d97020083d9 558b409584ae84d265c257a6 558b019084ae84d265c0ef47 53e9acf0b7602d97036d12bf 53e99b1bb7602d97023adfe7 53e9a42bb7602d9702d4925d 53e99c83b7602d97025333ce 558c5f3184ae6766fdf2b1db 53e9a21cb7602d9702b206ad 56d86b02dabfae2eeec6f47c 558a3998e4b037c08755e0fa 53e9bc6eb7602d97048ea570 53e998e8b7602d9702121a8a 53e99c7cb7602d970252d32c 558ae424e4b0b32fcb397daa 53e9b2dbb7602d9703d91fd3 53e99ccab7602d970257ee91 53e9b69db7602d9704211eb4 53e997e3b7602d9701fd857c
53e99884b7602d97020bafb2,53e999e7b7602d970222afdd 558c193f84ae6766fdf10a40 558b5b58e4b031bae1fcefed 53e99e93b7602d97027598de 53e9a914b7602d9703262790 53e9afbab7602d9703a074c5 53e9a6bbb7602d9702fef3a6 53e9ad5db7602d970373f801 53e9b365b7602d9703e42e3a 53e99c8bb7602d9702539a2c 53e9bc88b7602d970490a2d3 558b3da184ae84d265c24689 53e9a2e4b7602d9702bee62d 53e9ae90b7602d97038af1f2 53e9b49ab7602d9703fa2b93 56d81390dabfae2eee6257da 53e99c74b7602d9702523043 53e9af06b7602d9703939860 558c83f3e4b0cfb70a1e1d3c 558c5d80e4b0cfb70a1d444c
53e99c12b7602d97024beb8f,558c5f1784ae6766fdf2b14d 53e9b4f5b7602d9704021ead 53e9aee4b7602d970390ed60 53e99ef4b7602d97027bf669 53e9b246b7602d9703ce65c7 53e99e9ab7602d97027625a3 557d03bcf667eeed56196416 53e9b5e6b7602d970413a3f8 53e99ac4b7602d970234502b 53e99addb7602d9702363818 53e9a50fb7602d9702e331c3 53e99ceeb7602d97025a4e75 53e9bba7b7602d97047f0d31 53e9a202b7602d9702b04feb 53e9b2d2b7602d9703d81d29 53e9a440b7602d9702d5c50c 53e9b01cb7602d9703a75b4c 53e9a17fb7602d9702a7404f 599c7eef601a182cd28da10a 53e9be4ab7602d9704b0b02a
53e9a0e6b7602d97029cda7c,53e9ad0bb7602d97036ed806 53e99ca0b7602d9702550d19 56d83b97dabfae2eee6291ca 53e9a1bcb7602d9702ab499a 53e9b5b5b7602d97040fa02a 53e99a52b7602d97022b73e1 53e9b254b7602d9703cf5e63 53e9a31fb7602d9702c28845 53e9ba00b7602d97045fe1e4 53e9a40eb7602d9702d27103 53e9b9e1b7602d97045d8338 53e9bd3eb7602d97049c9d22 53e9a854b7602d970319c771 53e9af26b7602d970395ff17 53e9ba54b7602d970466d580 53e99838b7602d9702062cf5 53e9a689b7602d9702fbe2b6 53e99c6eb7602d970251f4a4 53e99866b7602d970209f7e2 53e9ad6cb7602d9703757149
53e9adb6b7602d97037b52c4,53e9a2c0b7602d9702bc8cdb 53e9bb59b7602d9704796007 53e9b94db7602d9704537578 53e9a9a9b7602d97033060e0 53e9aa6db7602d97033e07e4 53e9a7eab7602d9703129234 53e99bf0b7602d970249b3f5 53e9a974b7602d97032cff85 53e9a758b7602d9703094a3c 53e9aa1db7602d970338abe5 53e9ad56b7602d970373b021 53e9ac2db7602d97035ef42c 53e9af33b7602d970396caae 53e9a5b7b7602d9702ee1d54 53e9a5cdb7602d9702ef5d33 53e9be5eb7602d9704b21a03 53e9a8b7b7602d97032069b4 53e9baa0b7602d97046cf20d 53e99de2b7602d97026a6731 53e9a7dcb7602d9703118a77
53e99f86b7602d970285d4bd,53e998fdb7602d970213cd51 558c90d4e4b02b9f07a7d5e9 53e9bb1cb7602d9704758738 5550413045ce0a409eb39228 53e9abf1b7602d97035ae2be 53e9a049b7602d970292dacf 53e9ab97b7602d97035438a6 53e99f5db7602d9702831684 53e9bbb5b7602d97047fd79f 558be249e4b02b9f07a3d0e2 53e9a5a8b7602d9702ecf901 53e99842b7602d970206de9c 53e99953b7602d97021941e2 5550413545ce0a409eb3945e 558c535ee4b00c3c48e1a3ad 5550427345ce0a409eb42610 53e9a8a2b7602d97031ede87 562f9edc0cf2ec4808c37c4d 555046d845ce0a409eb621ba 573696fd6e3b12023e5f82e0
53e9b581b7602d97040c217e,53e99dc5b7602d9702686eee 53e9ac12b7602d97035d52a9 53e9a6d0b7602d9703003d8a 53e99a56b7602d97022bcbd0 53e9a0d9b7602d97029c18bc 53e99a14b7602d970226763d 53e99b21b7602d97023b8bf1 53e99cedb7602d97025a0bdf 53e9bcfcb7602d9704982e25 53e9acc4b7602d97036a0bc9 53e9a6a6b7602d9702fda8cc 53e9a042b7602d970292a744 53e9aa09b7602d970337452a 53e9a650b7602d9702f7e85f 53e99a48b7602d97022a6fc9 53e9b500b7602d97040334ff 53e9aa61b7602d97033d788f 53e9aa32b7602d970339f597 53e9ba3fb7602d970464c45f 53e9ba0bb7602d970460d3a3
5550410d45ce0a409eb383d5,573696ce6e3b12023e5cecfc 5550410f45ce0a409eb384d6 573696f46e3b12023e5f1686 53e9a98eb7602d97032e938b 56d92e81dabfae2eeeeb62cc 573696f46e3b12023e5f0ee9 573697bd6e3b12023e69e461 573696ce6e3b12023e5ce96d 573696ce6e3b12023e5ceb9b 5550417745ce0a409eb3b909 573696f46e3b12023e5f159b 573696096e3b12023e51cdd3 573697826e3b12023e669567 573696056e3b12023e518e76 5550411745ce0a409eb3877a 53e9a098b7602d970297cd92 5736980d6e3b12023e6e4469 573696da6e3b12023e5d9748 5736960c6e3b12023e51f1ec 558bc454e4b0cfb70a19b5b5
53e9b6dbb7602d9704267f6c,53e9b8b4b7602d9704494109 53e9b2f4b7602d9703db0024 53e9a3b3b7602d9702cc2930 53e9afa0b7602d97039eecc4 53e9a223b7602d9702b25309 53e99991b7602d97021d64cd 53e9a39eb7602d9702cb005c 53e9b8dab7602d97044bd500 53e9ad18b7602d97036facdd 53e9b0c2b7602d9703b35b08 53e9a18db7602d9702a80429 53e9a93eb7602d97032902b7 53e9b2bfb7602d9703d6aefe 53e9a8a9b7602d97031f591e 53e99b2cb7602d97023c62d2 53e9be2eb7602d9704ae8d09 53e9accbb7602d97036a92a0 53e9b9b9b7602d97045ae18a 53e9b5b6b7602d97040fa7a1 53e9b189b7602d9703c12391
53e9a8aab7602d97031f7590,53e9bcdab7602d97049628fb 53e99ab2b7602d9702329cf5 53e99cf5b7602d97025ac852 53e9a0adb7602d9702997fdb 53e9b062b7602d9703ac9ef2 5736954f6e3b12023e47acc7 53e99f7eb7602d9702850779 53e9b6d6b7602d9704265d89 53e99b16b7602d97023aad40 53e99822b7602d9702040e36 53e9b91eb7602d970450741e 53e9aafab7602d970347be8e 53e99d13b7602d97025ca852 555044af45ce0a409eb4fff2 53e9a202b7602d9702b04b82 56d81307dabfae2eee5efd4e 53e9bbbcb7602d97048080b2 53e9b33db7602d9703e12f40 53e99998b7602d97021db9c5 53e99b1bb7602d97023b2c7a
53e99f28b7602d97027f771d,53e9a8d4b7602d97032264d9 53e9a91ab7602d970326a0a3 53e9bcfcb7602d9704981d1d 53e9b233b7602d9703ccd0a3 53e9bc9eb7602d970491f868 5a260c3517c44a4ba8a25451 53e9aa3ab7602d97033a4cfb 53e99f12b7602d97027dfd25 53e9a35fb7602d9702c6870e 53e99a2ab7602d9702283e10 53e9bd54b7602d97049e8b4e 53e99ac4b7602d970234594e 53e9ab48b7602d97034dad9d 53e9b403b7602d9703ef34a9 53e9b8c7b7602d97044a68c4 53e9985fb7602d970209a99b 53e9b5a8b7602d97040ef14b 53e9b4dfb7602d9704002912 53e9abc9b7602d970357eab8 53e99ab3b7602d9702330cf8
53e9abf1b7602d97035ae3e8,53e99a14b7602d970226583c 53e99b21b7602d97023b6796 53e9b196b7602d9703c22343 53e9a082b7602d970296be08 53e9ab73b7602d97035168db 53e9ab7db7602d9703522ca4 53e9b4f4b7602d970401e023 53e9b4f5b7602d9704022adc 53e9adffb7602d97038075d9 53e9ae8ab7602d97038aa653 53e9a3b3b7602d9702cc64f9 53e99866b7602d970209ec86 53e99998b7602d97021da116 53e9a533b7602d9702e54c1e 53e9ab32b7602d97034bd5c9 53e9a1d5b7602d9702ad34ce 53e99b1bb7602d97023ae717 53e99f3bb7602d970280aafb 53e9b316b7602d9703de12b1 53e99a43b7602d97022a524c
53e9af46b7602d9703982755,53e9b099b7602d9703b05ed6 53e9aef7b7602d970392a052 53e99937b7602d9702174de5 53e9a388b7602d9702c95fa2 53e99b26b7602d97023be82c 53e9a584b7602d9702eaa7ad 53e99924b7602d970215fec1 558a3d84e4b037c08755f716 53e9ae75b7602d970389098b 53e9aec4b7602d97038ef3dd 53e9981db7602d970203d7bc 53e9a7ffb7602d9703141dbd 53e9b33db7602d9703e0fa1e 53e99e31b7602d97026f77ef 53e9aff5b7602d9703a4ce67 53e99d80b7602d97026396ae 53e9acaeb7602d970368e73b 53e9bd4bb7602d97049de473 53e99b95b7602d970243bffe 53e9b0bcb7602d9703b2f394
53e99c43b7602d97024f013e,53e99876b7602d97020b1ae8 53e9aa33b7602d97033a2a3f 53e9be6cb7602d9704b3036e 53e99a73b7602d97022e12e8 53e9ba06b7602d9704609509 53e9ab73b7602d9703518882 53e9aad9b7602d970345a605 53e997e8b7602d9701fdfef8 53e9a95db7602d97032b586f 53e9ab2bb7602d97034b3cfa 53e9abd4b7602d970358c149 53e9aa2bb7602d9703399ea2 53e9aa2cb7602d970339c074 53e9a593b7602d9702eb9e98 53e99ccab7602d970257fd98 53e9a569b7602d9702e918c5 53e9ac13b7602d97035d7962 53e9ba95b7602d97046c00f1 53e99f86b7602d97028592df 5550461445ce0a409eb5be0c
53e9bdf6b7602d9704aa8f6c,53e9b56cb7602d97040a493a 53e9a01fb7602d9702900842 53e99946b7602d9702187f4a 53e99946b7602d97021878f8 53e9ad8db7602d9703786b35 53e9bbbbb7602d9704804581 53e9bb1cb7602d9704759a09 53e9b1bcb7602d9703c4d3d0 53e9bad0b7602d9704700013 53e9b10fb7602d9703b8c11a 53e9abf7b7602d97035ba542 53e9a6a6b7602d9702fdc45f 5550415d45ce0a409eb3aa8a 53e9af68b7602d97039ac898 53e9b451b7602d9703f4caae 53e9a0c9b7602d97029aff1c 53e9a650b7602d9702f80122 5550417945ce0a409eb3ba37 53e99bdcb7602d9702488e4e 53e9af40b7602d970397c8d8
53e9a931b7602d9703284e9d,53e99885b7602d97020c0e45 53e9a554b7602d9702e77d41 53e9a37ab7602d9702c8814a 558a695ee4b031bae1f77a55 5c777d3f4895d9cbc613f60c 53e9a775b7602d97030b1e43 53e9a186b7602d9702a7a200 557d29846feeaa8086da76f2 53e9a4e4b7602d9702e05a12 53e9a735b7602d970306b327 53e99ee6b7602d97027b54e4 53e9af26b7602d970395d9b5 53e9b4c3b7602d9703fe1156 53e99a56b7602d97022bc2a5 53e9af06b7602d970393c195 53e9b34fb7602d9703e2491a 53e9bbcfb7602d9704819b45 53e9b879b7602d970444aaa9 53e9b017b7602d9703a6f14d 53e9a562b7602d9702e89590
53e9a2c1b7602d9702bccd88,53e99d44b7602d97025fab63 53e9b428b7602d9703f20d6a 53e9b24db7602d9703cea422 53e9a3e1b7602d9702cf3ebe 53e9b037b7602d9703a958ff 53e9b3b7b7602d9703e9e7ac 53e9a533b7602d9702e576f4 53e9995fb7602d970219e2a7 53e9aeb7b7602d97038de27b 53e9ba17b7602d970461dc12 53e99fa2b7602d9702875e81 53e9ad42b7602d9703728eba 56d86f6bdabfae2eeee88650 53e9a4c7b7602d9702de788b 53e9bce8b7602d970496dcf2 53e9af39b7602d9703974aa4 53e9a704b7602d9703036588 53e9b802b7602d97043b4806 53e9adc2b7602d97037c8587 53e9b557b7602d9704090175
53e99b43b7602d97023e1335,53e9ac28b7602d97035eb715 53e9aa50b7602d97033c1065 53e99aabb7602d9702322883 53e9b3c7b7602d9703eb40fc 53e9a326b7602d9702c306bb 53e9a018b7602d97028fc683 53e9ab5fb7602d97034f6480 53e9a4c7b7602d9702de533e 53e9a439b7602d9702d579e8 53e9bbe5b7602d97048387d0 53e9b71cb7602d97042b2bdf 53e9af1fb7602d97039592db 53e9ab69b7602d9703507970 53e9b8cdb7602d97044ad6c3 53e9a433b7602d9702d4f906 53e9ba7db7602d97046a2162 5e8ee1139fced0a24b770e43 53e9be1ab7602d9704ad2e5f 53e9a351b7602d9702c5effb 53e99da4b7602d97026611b1
53e9a415b7602d9702d2ff8d,53e99de1b7602d97026a34ea 53e99e38b7602d97026fc838 53e9ae48b7602d970385df6a 53e9b867b7602d97044324a8 53e9b7adb7602d9704359057 53e9be09b7602d9704abdf7a 53e99a98b7602d970230e1f3 53e9a04ab7602d9702930884 53e998a2b7602d97020d8b77 53e99b16b7602d97023acab6 53e9ba84b7602d97046a7fb6 53e9bb08b7602d970473f337 53e9b189b7602d9703c13d4c 53e9ac5cb7602d970362e6af 53e9b27bb7602d9703d23713 53e9afd3b7602d9703a283ed 53e9b39db7602d9703e7c784 53e99d21b7602d97025d6b28 5736973c6e3b12023e62b97f 53e99885b7602d97020c02fd
5c7858774895d9cbc692f6ba,53e99bb9b7602d9702463373 558c26aee4b00c3c48e08979 53e99fc2b7602d9702899ee6 53e99d74b7602d970262db46 53e9b60db7602d9704162c2c 53e9be14b7602d9704ace395 558b414c84ae84d265c25b65 53e9ba9bb7602d97046c6f16 558ad706e4b031bae1f9fda7 5550415945ce0a409eb3a820 53e9a1a1b7602d9702a93f0d 56d8e716dabfae2eee3826ae 558b016c84ae84d265c0ee86 558afb6784ae84d265c0c980 53e998f6b7602d9702130698 53e9aa7ab7602d97033f4293 53e9bd59b7602d97049f3849 558b415784ae84d265c25ba0 56d83bdcdabfae2eee6416bd 53e9b98ab7602d9704578c9f
53e9a09fb7602d9702986add,558ac92fe4b0b32fcb38db24 53e9b6b0b7602d970422faa5 53e9b22db7602d9703cc55c7 53e9bdeeb7602d9704a9e4e2 53e9b44bb7602d9703f475d0 53e9a317b7602d9702c1e440 53e99c75b7602d970252a282 53e9bc5bb7602d97048d365a 53e9a23eb7602d9702b434a0 558a8d0ae4b0b32fcb377cd0 558a62c1e4b037c08756d371 53e9a9beb7602d970331abe6 53e9b4cab7602d9703fe9b2b 53e9b8bab7602d970449524f 53e9b627b7602d970418232f 53e9aa3bb7602d97033aafd2 53e9aaa3b7602d970341ca8a 557dabe06fee0fe990ca32c8 53e99d74b7602d9702630723 53e9b6c4b7602d970424e40e
557dc1bdd19faf961d1639f8,558a2bace4b0b32fcb353d9c 573695696e3b12023e48e69f 53e9ace1b7602d97036bebba 53e9a44fb7602d9702d6cd32 558a9a82e4b037c0875819a0 53e99e13b7602d97026d5d65 53e9afcdb7602d9703a22b4e 53e9b3efb7602d9703edd2ea 53e9ba65b7602d9704682ead 53e9a33cb7602d9702c447c2 558a6f97e4b037c087572043 558a6203e4b031bae1f74ea4 53e99d9eb7602d970265db99 53e9abd4b7602d970358c149 53e9aea4b7602d97038c7581 53e9b9cdb7602d97045c2cc8 558a2c2a84ae84d265bc090c 53e99876b7602d97020b1ae8 53e9afccb7602d9703a1c3a7 53e9bbd5b7602d9704825927
53e9a19ab7602d9702a8ccf1,53e99ad1b7602d9702354a2e 53e99adcb7602d970235e27f 53e9ac33b7602d97035f8d6b 53e9a40eb7602d9702d2a9f9 53e9a618b7602d9702f47690 53e9b303b7602d9703dc6279 53e9a108b7602d97029f5b5b 53e9a3f4b7602d9702d0d312 53e9a04ab7602d9702931799 53e9addbb7602d97037e64b9 53e9a39eb7602d9702cb005c 53e9b1afb7602d9703c3b26d 53e9b543b7602d970407bc23 53e99f78b7602d970284d8c1 53e99abeb7602d970233b7fc 53e99813b7602d97020288ed 53e9b4d4b7602d9703ff7537 53e9a698b7602d9702fc8b52 53e9b189b7602d9703c12391 53e99a67b7602d97022d6137
53e9a885b7602d97031d0feb,53e9bde9b7602d9704a9a037 53e9adbdb7602d97037bd9e2 53e9be5db7602d9704b1b851 53e9ba45b7602d970465618d 53e9bb61b7602d970479f95b 53e9a593b7602d9702eb8a41 53e99dfeb7602d97026c24f8 53e9b557b7602d97040924c3 53e9b4ceb7602d9703feee31 53e9a3abb7602d9702cb8866 53e9b017b7602d9703a6e0b3 53e9a4b9b7602d9702ddbc08 53e9a194b7602d9702a8455f 53e9b961b7602d970454bc49 53e9aef0b7602d970391ba72 53e9a455b7602d9702d72214 53e9a25cb7602d9702b65d8b 53e9bb9ab7602d97047e062d 53e99f27b7602d97027f16af 53e9bd4bb7602d97049df150
53e9a336b7602d9702c4262f,53e9b87fb7602d970444d22d 53e99d13b7602d97025c70ab 53e99a67b7602d97022d5bf2 53e9a94cb7602d97032a0fe9 53e9b195b7602d9703c1dd78 53e99bdcb7602d9702484b55 53e9a2e4b7602d9702bed2db 53e9983db7602d97020675e4 53e9ab14b7602d970349ba13 558a6a27e4b0b32fcb36ac7c 53e9b22eb7602d9703ccb6b0 53e99afdb7602d970238b0ae 53e99a5cb7602d97022c33a6 53e9ad9eb7602d970379d6e6 53e9b75ab7602d97042fdeaa 573695ec6e3b12023e501e5e 558a53fde4b031bae1f6fad5 53e9a2c8b7602d9702bd20ad 53e9ad05b7602d97036e4e60 53e9ace1b7602d97036be54d
53e99cfdb7602d97025b523a,53e99a5cb7602d97022c6ae9 53e9a4d7b7602d9702df81da 53e9b550b7602d970408b1c3 53e9b03db7602d9703a9a7df 53e9bc10b7602d9704876e9e 53e9bcf6b7602d970497d474 53e99a43b7602d97022a522d 53e9a33db7602d9702c4932e 53e99a1ab7602d970226dd31 53e9b8bab7602d9704499710 557cf8cef667eeed56195975 53e9a0c9b7602d97029aff1c 53e9b504b7602d9704034726 53e9ba59b7602d9704675875 53e9a130b7602d9702a1dcd5 53e99ab9b7602d9702337446 53e9bbcfb7602d970481f2b4 53e99addb7602d970236264f 53e99946b7602d9702183e88 53e9b130b7602d9703bb180c
53e9b8a8b7602d97044832df,53e9a381b7602d9702c92571 53e9b7a6b7602d9704351874 53e9aaecb7602d970346ff47 53e997e4b7602d9701fdabc6 557d9035d19faf961d161ce1 53e9a540b7602d9702e65030 53e9be21b7602d9704adcbd1 53e9a6dfb7602d9703016791 53e9a9f0b7602d970335998d 558a7896e4b031bae1f7d6b0 53e9b326b7602d9703df17fe 53e9b16db7602d9703bf32d0 53e9aeb7b7602d97038dbfe7 53e9b1afb7602d9703c3b234 557ff5d8f6678c77ea22b7a3 557d909cd19faf961d161d17 557ff7b5f6678c77ea22b7d2 53e9accbb7602d97036a7890 53e997e4b7602d9701fdabcc 557e0600d19faf961d1662d9
53e9b9cdb7602d97045c28bb,53e99ec4b7602d970278e267 53e9a610b7602d9702f3c86c 53e9a952b7602d97032aa25b 53e9b349b7602d9703e1ea72 53e9b8b4b7602d9704491ff9 53e9b89ab7602d9704470b74 53e9b8d4b7602d97044b75ac 53e9ad6cb7602d9703756b9c 53e9b671b7602d97041d5711 53e9a87eb7602d97031cc025 53e9a2f3b7602d9702bfda11 53e9b3bcb7602d9703ea4486 53e9ad47b7602d970372e298 53e99ae7b7602d970236f4d3 53e9b550b7602d9704088197 53e9b32bb7602d9703dfdacf 53e99846b7602d9702075410 53e9aeddb7602d9703906257 53e999e0b7602d9702227ad1 53e9b94db7602d970453bfca
53e99838b7602d9702061208,53e9ac70b7602d97036409f2 53e9af87b7602d97039cec3b 53e9a9c4b7602d9703327493 53e9acf7b7602d97036d8398 53e9adcdb7602d97037d53b4 53e9b4bfb7602d9703fd6f83 53e9ab7db7602d9703522ca4 53e9b4f9b7602d9704028bc0 53e9b31bb7602d9703de33f9 53e9a657b7602d9702f88949 53e9b885b7602d97044591c9 53e9aeb1b7602d97038d87c4 53e9af87b7602d97039ceebd 53e9bab4b7602d97046e4ecb 53e9a957b7602d97032ab90a 53e9b337b7602d9703e092dc 53e99e86b7602d970274f562 53e9b31bb7602d9703de347b 53e9a3d4b7602d9702ce6a73 53e9a885b7602d97031d4d96
558a8bbfe4b037c08757c526,53e9b8c0b7602d970449d9df 53e9afb3b7602d9703a016a8 53e9a291b7602d9702b95c8e 53e99dc5b7602d9702686bad 53e9b228b7602d9703cc096e 558a786ae4b031bae1f7d5b8 53e9a4c0b7602d9702de18bc 53e9a70bb7602d970303fe51 53e9bc10b7602d970487461c 53e99800b7602d970201255e 53e9b9e1b7602d97045dbdba 53e9b40eb7602d9703f06f72 53e9b310b7602d9703dd4746 53e9b3fcb7602d9703eeb017 53e9aab0b7602d9703429e04 53e9af39b7602d9703974ffd 53e9bd0bb7602d9704995515 53e9b8efb7602d97044d37e2 53e9a272b7602d9702b7c6fb 53e9ac5bb7602d970362cd89
53e9aa4fb7602d97033baac3,53e9b3a3b7602d9703e83d4c 53e9a208b7602d9702b0c2de 53e9aa23b7602d970338fc4b 53e9a99cb7602d97032f8e11 53e9a8b0b7602d97031ff672 53e9b55db7602d970409419e 5c7853e14895d9cbc691be3d 53e9b87fb7602d970445276a 53e9b089b7602d9703af1d32 53e9b839b7602d97043f8bff 53e9a9dfb7602d970334500e 53e9981db7602d970203be0d 53e9abe4b7602d970359df09 53e9a18db7602d9702a81a47 53e9a894b7602d97031e18c4 53e9b0d1b7602d9703b490e1 53e9ba84b7602d97046a6cce 53e9a8ffb7602d970324f945 53e9a6dfb7602d9703015992 53e9b27bb7602d9703d22daa
53e9a0c9b7602d97029b0e7f,53e9a9a9b7602d970330778d 53e9b31bb7602d9703de531f 53e9a38fb7602d9702ca17b1 53e9997eb7602d97021bcc01 5c7a3e3f4895d9cbc6c909f1 53e9bb15b7602d9704750218 53e9a698b7602d9702fcb7c1 53e99b16b7602d97023acab6 53e9b2b8b7602d9703d6136b 53e999c3b7602d9702209655 53e99a2fb7602d970228ce7e 53e9b9d9b7602d97045cfb40 53e9b4b4b7602d9703fcbee9 53e99bc6b7602d9702472f41 53e99fc3b7602d970289f538 53e9b4e4b7602d970400c6c2 53e9a343b7602d9702c5061e 53e99a04b7602d970225510e 53e9b5b6b7602d97040ffb34 573697446e3b12023e631a20
53e9b029b7602d9703a869ef,53e9aa5cb7602d97033cc67d 53e9a317b7602d9702c20812 53e9be79b7602d9704b3dc22 53e9a0bbb7602d97029a3ef8 53e9bc15b7602d970487fa28 53e9a66eb7602d9702f9f52b 53e9a718b7602d970304d2e6 53e9b815b7602d97043cbf04 53e9b60db7602d9704162719 53e9a569b7602d9702e92cf7 53e9a291b7602d9702b994a4 53e9a208b7602d9702b0c098 5c76a12f4895d9cbc6a919cc 53e9a39eb7602d9702cae82e 53e99960b7602d97021a4eaf 53e9986eb7602d97020ab256 53e9a540b7602d9702e67e54 53e9bae6b7602d97047174d9 53e99a43b7602d97022a2934 53e9aa67b7602d97033ded32
53e9acb5b7602d9703690193,53e9a2d5b7602d9702bdd814 53e9a515b7602d9702e3810d 53e9b04eb7602d9703ab52c8 53e99c12b7602d97024c16fa 53e9ab2bb7602d97034b4dd8 53e9aa1db7602d970338c992 53e9b102b7602d9703b7be88 5550446545ce0a409eb4d4a1 53e9a720b7602d97030551e3 53e9b607b7602d9704159d68 53e9986eb7602d97020a64b3 53e9b029b7602d9703a8403b 53e99a6eb7602d97022dffcc 53e9b850b7602d9704411562 53e9b8aeb7602d970448c24f 53e99bb9b7602d970245fb43 53e9bdbfb7602d9704a6c976 53e99905b7602d97021408bc 53e9aec3b7602d97038e8312 53e9a308b7602d9702c11537
53e9a2d5b7602d9702bde130,53e9a042b7602d9702924d44 53e9983db7602d9702069c86 53e9b413b7602d9703f07f17 53e9be03b7602d9704ab709d 53e9bde9b7602d9704a9a037 53e99f4fb7602d9702822403 53e9ae8ab7602d97038aa653 53e99ac4b7602d97023407fe 53e99dfeb7602d97026c24f8 53e99a04b7602d9702251b7b 53e9983db7602d9702069705 53e9ad6cb7602d9703758e72 53e9b055b7602d9703ab5ece 53e9a1d5b7602d9702ad34ce 53e9bd1eb7602d97049a7471 53e9a5f0b7602d9702f1c9f8 53e9bb61b7602d970479f95b 53e9bdfdb7602d9704ab3acc 53e9a50fb7602d9702e346dc 53e998b0b7602d97020ecd74
53e9aa5cb7602d97033ca9ea,53e9a8b7b7602d9703204117 53e9af13b7602d970394e9b1 53e9b754b7602d97042f31c8 53e9a1d0b7602d9702ac6f62 53e9b671b7602d97041d5ddb 53e99aabb7602d970232295e 558067e76fee0fe990cb32aa 53e9bdf6b7602d9704aabed6 53e9a6fdb7602d9703033a1b 53e9b63ab7602d970419396f 53e99cd2b7602d9702587c94 53e9b3c1b7602d9703eaa48f 53e9a57cb7602d9702ea5391 53e9b3d5b7602d9703ec4cb2 53e9aeaab7602d97038cc4ee 53e9af33b7602d9703970791 53e9a7c8b7602d9703105244 53e9aa16b7602d97033824b9 53e9b08ab7602d9703af5954 53e9a343b7602d9702c4ecca
53e9a246b7602d9702b4dafc,53e99d8eb7602d970264b383 558a6363e4b037c08756d721 53e9a3a5b7602d9702cb61cc 53e9b3c1b7602d9703eac397 53e9a1bdb7602d9702ab61f2 53e9b910b7602d97044f4997 53e9ac95b7602d97036702d0 558068a8d19faf961d17334c 53e9985fb7602d9702098f62 53e9a91ab7602d970326e08c 53e99a14b7602d9702264a50 53e9a396b7602d9702ca31a6 53e9bd55b7602d97049edf92 53e9b4e0b7602d97040067a9 53e9a387b7602d9702c947c8 53e99ea7b7602d970277263e 53e9a145b7602d9702a34219 53e9bbf5b7602d9704852324 53e99ffdb7602d97028e20e2 53e9a1a8b7602d9702a9cf54
5550462f45ce0a409eb5c9f7,53e9aa5cb7602d97033cc031 53e9a31fb7602d9702c2b998 53e9b0abb7602d9703b1aac1 53e9affab7602d9703a4f8fa 53e9a8eab7602d970323943b 53e9b58db7602d97040cfd0b 53e99cd8b7602d970258e074 53e9b8b4b7602d9704490e3e 53e9b437b7602d9703f3205c 558adef9e4b031bae1fa2bee 55835557e4b046969cdab600 53e9b0f5b7602d9703b71f35 53e9b061b7602d9703ac4ba7 558aaa68e4b031bae1f8f3de 53e9a00ab7602d97028f01a8 53e99f5db7602d9702831684 53e9aa56b7602d97033c5d7c 53e99e13b7602d97026d6ccc 53e9bc80b7602d97048ff46d 56d814bedabfae2eee69d912
53e9b68db7602d97041fae86,53e9b037b7602d9703a97d37 5736988e6e3b12023e74c222 53e9addbb7602d97037e1f65 53e9b221b7602d9703cb6cd7 53e997e4b7602d9701fdc67c 53e9b12ab7602d9703baab70 53e9ae29b7602d970383b8f3 53e9a651b7602d9702f84db0 53e9b8f5b7602d97044d95a0 53e99d0bb7602d97025bd46f 53e9b1d1b7602d9703c63570 53e9abc4b7602d970357812c 53e9b2ffb7602d9703dc20f3 53e9b27bb7602d9703d23713 53e99de1b7602d97026a34ea 53e9adc2b7602d97037c610c 53e9ad57b7602d970373f0d0 53e99b16b7602d97023acab6 53e9b8a1b7602d970447a7a2 53e9a408b7602d9702d23fdc
53e9b55db7602d9704097639,53e9bdc6b7602d9704a7758a 53e9ab48b7602d97034d9ad4 53e9b26eb7602d9703d0fc28 53e9b9e1b7602d97045dcd07 53e99d21b7602d97025d6b28 53e9b791b7602d970433b8a3 53e9b839b7602d97043f79a7 53e9a945b7602d97032960e3 53e9a6d8b7602d970300f076 53e9b0c2b7602d9703b382d0 53e9a70bb7602d970303da94 53e9ab32b7602d97034c18a7 53e9a577b7602d9702ea24b9 53e9b38eb7602d9703e6e769 53e998e1b7602d970211b29b 56d8212adabfae2eeebd489e 53e9b31bb7602d9703de47a6 53e9b8c6b7602d97044a4010 53e9a525b7602d9702e49b30 53e9b3d4b7602d9703ec1bcf
53e9bd5ab7602d97049f4e8f,557d3964f667eeed561996fd 53e99e1ab7602d97026dee97 557e7ef16fee0fe990caa075 557d55666feeaa8086da9ace 53e9b775b7602d970431a624 53e9be44b7602d9704b030c4 53e99d45b7602d97025fc463 53e9983db7602d9702068607 53e9aeabb7602d97038d106a 53e9a2dcb7602d9702be4e9a 53e9b5edb7602d97041401aa 53e99b3cb7602d97023da7d0 53e9a3e1b7602d9702cf540b 53e9bcb3b7602d970493571c 53e99e7fb7602d9702744ca6 53e99841b7602d970206a770 53e9be4ab7602d9704b0a168 558bf6a884ae6766fdf0447b 53e99a92b7602d97023098b0 53e99841b7602d970206abc0
53e9b54ab7602d970408417b,53e9a2ddb7602d9702beac85 53e9ab69b7602d970350b165 53e9adbdb7602d97037be6fa 53e9b7d9b7602d970438ab42 558aa90484ae84d265bee832 53e9ad81b7602d9703776e41 53e9b62eb7602d970418b167 53e99f28b7602d97027f7fce 53e9b18fb7602d9703c15aa9 53e9a7ddb7602d970311a2af 53e9bcc5b7602d9704945bda 53e99818b7602d970202ff83 53e99c0bb7602d97024bc38d 53e99854b7602d970208e920 53e99beab7602d97024944e8 53e9a6e6b7602d970301d80d 53e9a80cb7602d9703151910 53e9a114b7602d9702a02ba4 558af9e2e4b037c0875a496d 53e9a408b7602d9702d22b8b
53e99ad7b7602d970235bf16,53e9b5a2b7602d97040ea17f 53e9a07ab7602d9702961e8a 53e99d1ab7602d97025cc8a8 573695d26e3b12023e4eb03e 53e9a698b7602d9702fc8827 53e9a0adb7602d97029931df 573696176e3b12023e529e3f 53e99cd8b7602d970258eb2e 53e9ba8ab7602d97046ab3a1 53e9b822b7602d97043d637b 573696176e3b12023e529cb3 573695d26e3b12023e4eb300 53e9a90db7602d970325d88d 53e9b9fbb7602d97045f9418 53e9a374b7602d9702c82de1 53e9a440b7602d9702d5c78d 573696176e3b12023e529eeb 53e9ad63b7602d970374934d 53e9b5fab7602d970414a350 53e9b1ffb7602d9703c961bc
53e9bb43b7602d970477ffa3,53e9b01db7602d9703a79ba8 53e99dd3b7602d9702693eb4 53e9b22db7602d9703cc5233 53e9ae90b7602d97038b0cf6 53e9b5c2b7602d9704109d38 53e99a67b7602d97022d5038 53e9a23eb7602d9702b43c4b 53e9adcdb7602d97037d7a8b 53e9b115b7602d9703b9531d 53e99f42b7602d9702813ef7 53e9a508b7602d9702e2bde8 53e9a789b7602d97030c2178 53e9b2f9b7602d9703db7c2b 53e9b115b7602d9703b91b15 53e9abdab7602d97035930c2 53e9b11db7602d9703b9ab9e 5c78dab84895d9cbc6f3cfef 53e99daab7602d970266691e 53e99842b7602d970206f9d6 53e9b98ab7602d9704577cd1
557d29d46feeaa8086da7741,5583c9a90cf2a1f3dc49bfb3 5c7787a24895d9cbc61e13fc 558a2a45e4b037c0875589b3 557ed018d19faf961d16ca1e 53e99b8db7602d9702437983 558ae8b684ae84d265c05a47 53e9b47db7602d9703f826fd 53e9a79eb7602d97030da851 557d402e6feeaa8086da8bd5 558b1491e4b0b32fcb3aa128 53e99e78b7602d970273e9a4 557db2d5f6678c77ea21c97a 53e9a171b7602d9702a64938 53e9b572b7602d97040b0046 53e9ad92b7602d970378a9c7 53e9a841b7602d970318b7ed 557da6856fee0fe990ca2f77 53e9afdab7602d9703a2c79e 557e0613d19faf961d1662e9 557e35b96fee0fe990ca7e03
53e9b04eb7602d9703ab33b5,557e57aef6678c77ea222368 53e9a863b7602d97031af046 558bf6a884ae6766fdf0447b 53e9ba0bb7602d970460b9df 557f1c2a6fee0fe990caed81 53e9b267b7602d9703d092ce 53e99efbb7602d97027ca447 53e9bcadb7602d970492a96c 53e99ea7b7602d9702770842 53e9b1e4b7602d9703c79217 53e9a64ab7602d9702f7c0ac 557d9aa3f6678c77ea21bac0 557efd006fee0fe990cadeb2 53e99ffdb7602d97028e1bfa 53e9a767b7602d97030a2bfd 558bf6ae84ae6766fdf044a3 55828c700cf2bf7bae57b1ef 557d55666feeaa8086da9ace 53e9a562b7602d9702e87d48 53e99808b7602d970201b765
53e99aabb7602d970232438e,53e9ace1b7602d97036bde8f 53e9b91eb7602d9704509105 53e9b137b7602d9703bb7b24 558a91e8e4b037c08757e8a7 53e99d2fb7602d97025e7f9b 558a8f2084ae84d265be50e6 53e99a20b7602d9702278033 53e9a0f4b7602d97029e189c 53e9b4a1b7602d9703fadd16 53e99ab3b7602d970232ef9d 53e9adaab7602d97037a6472 53e9a401b7602d9702d1bd0a 53e9ae97b7602d97038b9e42 53e99d2fb7602d97025e76f4 558a7c8fe4b037c087576ea1 53e9bca5b7602d970492323c 558ae403e4b0b32fcb397cee 53e99ae2b7602d970236b13d 53e99dc5b7602d9702688afe 53e9aca1b7602d970367aaf3
53e99fc3b7602d970289f9c0,5b6647d3ab2dfb45920cb602 53e9a3d4b7602d9702ce8007 53e9a930b7602d9703281a4b 53e9b929b7602d9704512b33 53e99a67b7602d97022d5018 56d9170bdabfae2eee6072f1 53e9bba7b7602d97047ef2ad 53e9b4abb7602d9703fbd28f 53e9a169b7602d9702a5b6e8 53e9b1eab7602d9703c805c9 53e9af1fb7602d970395bc9a 53e99b21b7602d97023b6796 53e9a8ffb7602d970324dba0 53e99aacb7602d9702328ca2 53e9b532b7602d970406d2b1 53e9b94db7602d970453c54e 53e9b048b7602d9703aa72fb 53e9be03b7602d9704ab9775 53e9ae29b7602d970383ab9d 53e9a178b7602d9702a68b7d
53e99a7fb7602d97022f5abb,53e9aab0b7602d970342ef07 53e9983db7602d9702068e3a 53e99da4b7602d9702661513 53e9b550b7602d970408793c 53e99dbfb7602d970267fd1d 53e9a58bb7602d9702eb193e 53e99a85b7602d97022f6eaf 53e9baa0b7602d97046cd03d 53e9983db7602d9702069c48 53e9a711b7602d9703046e8a 53e9ace2b7602d97036bfb43 53e9b0bcb7602d9703b2e95b 53e9a841b7602d970318d5e4 53e9bc47b7602d97048bb093 53e9af75b7602d97039b710e 53e9af7ab7602d97039bd025 53e9aa15b7602d970337fe88 53e9bb0eb7602d9704746bd0 53e9ab3db7602d97034cae06 53e9980eb7602d9702024789
53e9a4c8b7602d9702deb7c3,53e99b2cb7602d97023c8e23 53e997f1b7602d9701fee6ea 53e99a79b7602d97022ee8b9 53e9a209b7602d9702b0caa5 53e9986eb7602d97020ab623 53e99a04b7602d9702250148 53e9a7bbb7602d97030fb3be 53e9ae49b7602d9703861047 53e9bdbfb7602d9704a6dbe7 53e9a570b7602d9702e98e06 53e9b542b7602d97040799d5 53e9aca1b7602d970367f463 53e99acab7602d970234b1dd 53e9b1f8b7602d9703c8feef 53e9a343b7602d9702c4f580 557e565c6fee0fe990ca8e06 53e9bc6eb7602d97048ed24c 53e99cbcb7602d9702571a8a 53e99aa6b7602d970231fc74 53e99ad7b7602d970235b9ec
5c77cda44895d9cbc653da6f,53e9ad8db7602d9703787f5a 53e99800b7602d970201255e 53e99a86b7602d97022fceed 5c6a27843a69b1c9e11e8793 53e9984bb7602d970207ceff 53e9bc10b7602d970487461c 53e9b4bfb7602d9703fd8cbb 56d8138fdabfae2eee62523d 53e9ab4fb7602d97034e32f0 53e9baa0b7602d97046ce9f1 53e9a4a2b7602d9702dc0771 53e9a945b7602d9703295950 53e9af2db7602d970396bc8c 53e99ce5b7602d970259ada6 53e9a9a2b7602d97032ff88a 53e9aa33b7602d97033a40f5 53e9b08ab7602d9703af49b7 53e9a9e6b7602d970334a4ed 53e9a7eab7602d970312b44f 53e9a70bb7602d970303fe51
53e9b565b7602d970409e806,53e99c6eb7602d970251de57 53e9b4b0b7602d9703fc37c2 557db8966fee0fe990ca3a7b 557e274bf6678c77ea220a2a 557e3ecf6fee0fe990ca8206 53e9b3a4b7602d9703e89ae0 5582c1b20cf2fcbbc5f1ca98 53e99c6eb7602d970251de58 557f4e8c6fee0fe990cb03eb 558a49b8e4b031bae1f6c064 557eb40cf6678c77ea224fc9 53e9bb36b7602d97047767ce 5c776c064895d9cbc6095a6e 557e871e6fee0fe990caa48a 53e9a01fb7602d970290549c 53e9a64ab7602d9702f7c2d5 53e9abc9b7602d970357fb07 53e9b228b7602d9703cc25bd 557e0de7f6678c77ea21fc6c 53e9a2ddb7602d9702bea5ff
53e9a396b7602d9702ca540a,53e99885b7602d97020be6c4 53e99cd1b7602d9702582300 53e998aab7602d97020e5de8 53e99fb5b7602d970288fab1 53e9bd64b7602d97049fe925 53e9b221b7602d9703cba662 53e9b7d4b7602d9704385429 53e9b682b7602d97041ec888 53e99dbeb7602d970267be02 53e9ab55b7602d97034e6fac 53e9b862b7602d970442c7fd 53e9983db7602d9702067e9a 53e9a34ab7602d9702c53456 53e9b4b4b7602d9703fc9e93 53e9a767b7602d97030a0f2c 558a31d7e4b037c08755b354 53e9a32db7602d9702c34461 53e9bbe0b7602d970483456e 53e99ba2b7602d9702448b9b 53e9bb2fb7602d970476d2a2
53e99915b7602d970214f75c,53e997f5b7602d9701ffa3a2 573696176e3b12023e529ec1 53e9b94db7602d970453bc95 53e9b5a1b7602d97040e6762 53e99a48b7602d97022a8836 53e9aad2b7602d9703452a52 557c9280f66765fbb46b7196 53e99b26b7602d97023c1763 53e9a877b7602d97031c4acf 53e9a232b7602d9702b36094 5736968d6e3b12023e597ec0 53e99f27b7602d97027f1184 53e9b661b7602d97041c4dd5 557e8440f6678c77ea223788 53e9b213b7602d9703caae1e 53e9a091b7602d970297ae1c 557dad11d19faf961d162d7a 5736968d6e3b12023e597c2e 557f5c6dd19faf961d170a19 53e99f20b7602d97027ebc02
53e99ad7b7602d9702359cc0,573695a36e3b12023e4c2c63 53e9be49b7602d9704b04bb5 53e9bd82b7602d9704a27a97 53e9a448b7602d9702d66db7 53e9ab14b7602d970349ba13 573696796e3b12023e5846cb 53e9b52db7602d9704060647 557cdbf36feeaa8086da2b2e 53e99cafb7602d970256169c 53e9b601b7602d9704156dc6 558a6a27e4b0b32fcb36ac7c 53e99940b7602d970217d238 53e9a7f1b7602d970312ff81 53e9ae5cb7602d9703873d8c 53e99a26b7602d97022801cc 53e9a6fdb7602d9703033df5 53e99fd0b7602d97028af155 53e9bcd2b7602d9704958c74 53e99ad1b7602d97023532c3 573695a36e3b12023e4c2df6
558a2d93e4b037c087559ad0,53e99ba2b7602d970244774c 53e9af19b7602d9703950c5b 53e99fc2b7602d970289dbc6 53e9a53ab7602d9702e5f933 53e9b90bb7602d97044f0ceb 557d0e806feeaa8086da5d3f 53e9ab1ab7602d97034a2c0b 53e9b666b7602d97041ca37d 53e9a108b7602d97029f6231 557fc6ecf6678c77ea22b33c 557e89356fee0fe990caa5a2 557da6626fee0fe990ca2f61 557d35626feeaa8086da81ee 558a2d97e4b037c087559ae6 53e9a500b7602d9702e1eef2 53e9b51bb7602d970405116e 557d21c86feeaa8086da6f9e 53e9ac12b7602d97035d44eb 557f1699d19faf961d16eb72 558a3aa6e4b031bae1f667a0
53e9a77bb7602d97030b32e9,558a3ca8e4b037c08755f2da 53e9a6d1b7602d9703009419 53e9b614b7602d9704168cc6 53e9b9c7b7602d97045bd7c9 53e9a310b7602d9702c1b627 53e9b998b7602d97045892c3 53e9bb15b7602d970474dd83 53e99e85b7602d9702749ba1 53e99f50b7602d9702823ae9 53e9bac1b7602d97046edfb2 53e9a4ceb7602d9702decd14 573695aa6e3b12023e4c8ecc 53e99fb5b7602d97028910d9 53e99e13b7602d97026d7e0d 53e99e13b7602d97026d5649 53e9b815b7602d97043ccae4 53e9a981b7602d97032d9082 53e9a743b7602d970307aa66 53e9a620b7602d9702f51dc8 53e99e54b7602d970271a34d
53e9bd92b7602d9704a37dd1,53e9ab20b7602d97034a59aa 53e9a603b7602d9702f3389d 53e99991b7602d97021d2e2f 53e99a79b7602d97022ed275 53e9a1eeb7602d9702af0954 53e9a401b7602d9702d1adb4 53e9bba7b7602d97047edb86 53e9a39db7602d9702ca9f19 53e9ba01b7602d9704602263 53e99b0ab7602d970239e0ca 53e9a675b7602d9702fa58c1 53e9ab14b7602d970349ac81 53e99ea7b7602d9702770576 53e9b59ab7602d97040dc7af 53e99b16b7602d97023a981d 53e99940b7602d970217d238 558ab329e4b037c08758a72a 53e9bcbab7602d9704937886 53e99c75b7602d9702529622 53e9aafab7602d970347db8e
53e9b4ceb7602d9703fed7f3,53e9a8c5b7602d970321287d 53e999b4b7602d97021f7787 53e99b95b7602d970243bffe 53e9afd3b7602d9703a24f8f 53e99924b7602d970215fec1 53e99fd7b7602d97028b6320 53e99ab2b7602d970232c16e 53e9a0bbb7602d97029a442a 53e9a7ddb7602d970311df45 53e9a1bcb7602d9702ab0f0b 53e9bc5ab7602d97048d0f2b 53e99b5db7602d9702402274 53e9bcefb7602d9704971e8c 558ac7c2e4b031bae1f9a190 53e9b822b7602d97043d8161 53e99953b7602d9702191f53 558275930cf2bf7bae57a4af 53e99804b7602d9702018a8e 53e99dd3b7602d9702695a63 53e9a336b7602d9702c4247d
53e9987db7602d97020b51c2,53e9b78ab7602d97043323d2 53e9a7ddb7602d970311b879 53e9abb9b7602d970356a56a 53e9a335b7602d9702c40676 53e9aa8eb7602d97034072a0 53e9b700b7602d970429491a 56d81591dabfae2eee6f4846 53e9a11bb7602d9702a0a527 53e99ea1b7602d970276c397 53e9b8c7b7602d97044a879c 53e9b87fb7602d970445276a 53e9be1ab7602d9704ad4a80 53e99a92b7602d97023087be 53e9a97ab7602d97032d1ccf 53e9b9c7b7602d97045bbfed 53e9a922b7602d97032749b5 53e99eaeb7602d97027765e8 53e99876b7602d97020b2c94 53e9a2d5b7602d9702bde86b 56d89fc1dabfae2eee5bb981
53e9bc4eb7602d97048c791c,53e9b3e2b7602d9703ed25ff 53e9b556b7602d970408c60b 53e99bd5b7602d970247dd23 53e9a272b7602d9702b7ce4b 5736954f6e3b12023e47ac76 53e9b2f5b7602d9703db45c9 53e99ebdb7602d9702786912 53e99a52b7602d97022b7e8b 53e9b428b7602d9703f1ed74 53e9a88db7602d97031dc594 53e99d5eb7602d970261a757 53e99eaeb7602d97027765e8 53e9a1aeb7602d9702aa3129 53e9aaa9b7602d9703427c07 53e9a627b7602d9702f544ee 53e99cedb7602d97025a0c18 53e9aa80b7602d97033f680a 53e9b917b7602d97044fb9d5 53e9ad3bb7602d97037214bd 53e9984bb7602d970207f355
53e9adbdb7602d97037be0f7,53e9b477b7602d9703f7a158 53e9b39db7602d9703e824a3 53e99818b7602d9702035988 53e9bb5ab7602d970479ad8e 53e997f1b7602d9701ff1fa9 5550452c45ce0a409eb5458d 53e9a3c7b7602d9702cdb511 53e9ac8fb7602d9703665200 53e99809b7602d970201e555 53e9a122b7602d9702a126b1 53e9b5a1b7602d97040e5f1f 53e9b18fb7602d9703c19025 53e9a5c5b7602d9702eee714 53e9b58db7602d97040d1f5a 53e9be35b7602d9704af297b 53e99a67b7602d97022d3abd 53e99a0ab7602d9702257cbb 53e9b95bb7602d9704547211 53e99a67b7602d97022d3abc 53e99a14b7602d9702265db4
53e9bd37b7602d97049c2a98,53e997f1b7602d9701ff248c 53e9a49db7602d9702dbd4a5 53e99a2ab7602d97022835bc 53e9b74ab7602d97042e9abd 53e9b6d0b7602d970425cb2b 53e9b0deb7602d9703b5962e 53e99d96b7602d97026556a7 53e9bdcdb7602d9704a7d241 53e9abdbb7602d9703596298 53e99a2fb7602d970228dd7e 5a73cb4217c44a0b3035620c 53e99e28b7602d97026ecd70 53e9b5a8b7602d97040f08c3 53e9b95bb7602d9704546602 53e99c7cb7602d970252d90f 53e9a19ab7602d9702a8bf2e 53e9b4a1b7602d9703facb08 53e9a839b7602d970318065c 53e9b505b7602d970403628c 53e9ba54b7602d970466d058
53e99cd8b7602d970258dc3c,558af9e2e4b037c0875a496d 53e9b1ddb7602d9703c6f9fd 53e9af53b7602d9703995a11 558aa3efe4b037c087585152 53e9b7cdb7602d970437daac 53e99f4fb7602d9702820254 53e9a0adb7602d97029927c8 53e9bb8db7602d97047d5d12 53e99bf0b7602d970249b1cb 53e9b833b7602d97043f1d89 53e9b295b7602d9703d3c831 53e9ba90b7602d97046b5d82 53e99f87b7602d970285e8e8 53e99960b7602d97021a2701 53e99b04b7602d9702393e7b 53e9bb80b7602d97047c6058 53e998e1b7602d970211b503 53e9ade2b7602d97037ed6d2 53e9b350b7602d9703e25112 558a890684ae84d265be2e13
53e9aa1db7602d9703387e0e,53e99f03b7602d97027d23b4 53e9aef7b7602d9703928859 53e9afb3b7602d9703a0218d 53e9acaeb7602d970368d0c1 53e9baa0b7602d97046cb751 53e99a0eb7602d97022615b2 53e9a825b7602d970316dcde 53e9aa3bb7602d97033aa7a8 53e9ae84b7602d970389f583 53e99d1ab7602d97025ce411 558a5bd8e4b031bae1f729d2 53e99eeeb7602d97027bd2c8 53e99c67b7602d970251abb2 53e9addbb7602d97037e5712 53e9a806b7602d97031499c1 53e9b4abb7602d9703fbe624 53e999fab7602d97022455bf 53e9ab7eb7602d9703523809 53e9aa4fb7602d97033bd840 53e99b1bb7602d97023ad84d
53e9a965b7602d97032c10df,53e9a3b9b7602d9702cc9623 53e9b260b7602d9703d04d46 53e9a584b7602d9702eaf4a6 53e9a7f8b7602d970313c987 53e9aee4b7602d970391261e 53e9b1d1b7602d9703c62e29 53e9a246b7602d9702b4c2c4 53e9af33b7602d970396c557 53e9b61bb7602d9704172ec3 53e9983db7602d9702064c91 558a7d84e4b037c08757747f 53e9a4b2b7602d9702dd5228 53e9987db7602d97020b58b9 53e99f9bb7602d970287226d 53e9b310b7602d9703dd8884 53e99bf0b7602d970249b84d 53e99b10b7602d97023a4f9b 53e997f5b7602d9701ff92d2 53e9a186b7602d9702a7ba15 53e9b395b7602d9703e7785d
53e9a863b7602d97031ad2ca,53e9983db7602d9702069c48 53e998fcb7602d97021393d9 53e9a210b7602d9702b142ff 53e99967b7602d97021a8eb0 53e9a081b7602d97029672af 53e99da4b7602d9702661513 53e99e7fb7602d9702744ca6 53e9afdab7602d9703a2d132 53e9abceb7602d970358099f 53e9bb08b7602d970473e960 53e9ac89b7602d970365fc4b 53e99ff0b7602d97028d07cf 53e99a1ab7602d970226c41e 53e99a8bb7602d97022fe9b8 53e99e38b7602d97026fc666 558aed8fe4b0b32fcb39b744 53e99b6ab7602d9702412945 53e9a71fb7602d9703054451 53e9afb3b7602d97039fefa5 56d871acdabfae2eeef9d127
53e9b1c2b7602d9703c5093a,53e9ac28b7602d97035edb29 53e9b891b7602d9704467da8 53e9a060b7602d9702947dfb 5c77d3f14895d9cbc65748fa 53e9be09b7602d9704abd56f 53e9b9dab7602d97045d2efa 53e99e04b7602d97026cb515 53e9b6bfb7602d9704247ed7 53e9a61fb7602d9702f4c7cd 53e9b2efb7602d9703da911b 53e9a4c8b7602d9702dea92b 53e99f8cb7602d970285fb1d 53e9a07ab7602d9702963cbc 53e9b911b7602d97044f9f59 53e9b45eb7602d9703f5e943 53e9abf6b7602d97035b4c96 53e9a524b7602d9702e43f65 53e9b8c1b7602d970449efa1 53e997ddb7602d9701fd5a8d 53e9ae1cb7602d970382c7df
558aeaece4b0b32fcb39a708,53e9ae7db7602d9703899c46 53e99a7fb7602d97022f065f 5582c0360cf2ea83be5ca9f0 53e9b4d4b7602d9703ff4700 557db29a6fee0fe990ca36e3 53e9ae7db7602d9703899c4a 558a3039e4b031bae1f62c11 5c8ba2734895d9cbc69f1b02 53e9a3c0b7602d9702ccedea 53e9baa6b7602d97046d11f5 53e9ae22b7602d9703835e72 558a55d884ae84d265bcfde8 53e997f1b7602d9701ff3df8 53e9b1cab7602d9703c5d025 53e9a12ab7602d9702a1d4f8 53e9992bb7602d9702169cd6 53e9a447b7602d9702d6347e 53e9be50b7602d9704b0dda1 53e9a727b7602d970305ac34 53e9a21cb7602d9702b1e4cd
53e9a1d0b7602d9702acbbc8,53e9b867b7602d97044335fd 53e9b6a7b7602d9704222af0 558a5365e4b031bae1f6f71b 53e9a290b7602d9702b94c18 53e9b321b7602d9703def544 53e9ac43b7602d9703611646 53e9b655b7602d97041b3781 53e99c0bb7602d97024badab 53e9a224b7602d9702b27191 53e998ceb7602d97021099bf 53e9b4b9b7602d9703fd0848 53e9990db7602d9702148476 53e9bd6fb7602d9704a0ebed 53e9aef7b7602d9703927f39 558a4af484ae84d265bcbdbb 53e9b968b7602d970455764f 53e9aa32b7602d970339db04 53e9acdab7602d97036b53ef 53e9a7a5b7602d97030e2d31 53e9a987b7602d97032e570d
53e9afc0b7602d9703a10ada,558aa991e4b0b32fcb381fae 53e99af2b7602d970237efa1 53e9a9b1b7602d9703311c0c 573697346e3b12023e625258 53e9b587b7602d97040c8cb6 5550462345ce0a409eb5c472 53e9b688b7602d97041f42b8 558a4b54e4b037c0875647d3 53e99a5db7602d97022ca36a 53e9a841b7602d970318c372 53e99ed1b7602d970279c874 558a29c0e4b037c08755862f 53e9b991b7602d9704580118 573696456e3b12023e551bc5 5583dffc0cf2fc72dff22dd2 53e9b1b6b7602d9703c45a8e 53e9a946b7602d970329c92a 53e9b4d4b7602d9703ff3b96 5583dd000cf2a1f3dc49c83e 5583d89c0cf2a1f3dc49c643
53e99a8cb7602d97023045d2,53e9a99cb7602d97032fb5e0 53e99ab9b7602d9702336673 53e99818b7602d9702033337 53e9a547b7602d9702e68aff 53e99aacb7602d9702325327 53e9bd2ab7602d97049b90ba 53e9b206b7602d9703c9e63d 53e9b8aeb7602d970448ab47 53e999ffb7602d9702249e18 53e99df7b7602d97026bb43d 53e9a343b7602d9702c4cf88 53e9ba4ab7602d97046609a0 5c77738a4895d9cbc60e098a 53e9bafbb7602d970472f74e 53e9b36db7602d9703e5046e 53e999f5b7602d970223d131 53e9bbdbb7602d97048297b8 53e99b04b7602d9702392171 53e99a98b7602d9702310df7 53e9af94b7602d97039e086b
53e9ba76b7602d970469569e,53e9ab7eb7602d97035243e1 5550456345ce0a409eb55d57 53e9a839b7602d9703184e9c 53e9a58cb7602d9702eb55f1 5550456245ce0a409eb55ce6 53e9ae69b7602d9703886599 56d8c3e8dabfae2eee3d7cd9 53e9a751b7602d9703089f9e 53e9b268b7602d9703d0d3dd 5550488245ce0a409eb6ef0c 5550490a45ce0a409eb73a37 53e9bb15b7602d9704750218 53e99a78b7602d97022e897b 58437785ac44360f10842984 53e9bc97b7602d970491866a 5c79b80f4895d9cbc664f932 53e99a2fb7602d970228ce7e 53e9bc9db7602d970491c3af 5550456245ce0a409eb55cb7 53e99ea1b7602d970276c397
53e9a297b7602d9702b9c00d,53e9abbeb7602d970356ec77 53e99a8cb7602d970230273b 558a7c8fe4b037c087576ea1 53e99bcdb7602d9702473472 53e9bd1eb7602d97049ab2dc 558ae405e4b0b32fcb397cf4 558a336ee4b0b32fcb356932 53e99d80b7602d970263ca1f 558ae403e4b0b32fcb397cee 53e9984bb7602d970207ceff 53e9a9c4b7602d9703327cfb 5c6a22e73a69b1c9e1155acb 53e9bcbab7602d970493d279 53e9b929b7602d9704511b0b 53e9ae97b7602d97038b9e42 558ab54fe4b037c08758b145 53e9a8b7b7602d97032068c6 53e9ba05b7602d97046074f4 53e9b6eeb7602d970428215b 53e99804b7602d9702015d2b
53e9b8bab7602d9704496ffb,53e9a6d8b7602d970300a12d 53e9a0fbb7602d97029e7423 53e9bd50b7602d97049dfc7a 53e9b0f4b7602d9703b70fb2 53e9a2b3b7602d9702bbccab 53e99b4ab7602d97023eb8aa 53e9a4dcb7602d9702dfbbd8 53e9b500b7602d9704031f01 53e99c0bb7602d97024b89b6 53e9b2b1b7602d9703d5c8d3 53e9ad72b7602d97037632e2 53e9a4c7b7602d9702de788b 53e9b6b4b7602d9704238948 53e999d8b7602d970221bd93 53e9b458b7602d9703f55d58 53e9a4ebb7602d9702e0be94 53e9b621b7602d970417a158 53e9a668b7602d9702f9b18f 56d8485ddabfae2eeec04e42 53e99c4bb7602d97024fcd03
53e9a480b7602d9702d9b2f0,53e9bc21b7602d970488b336 53e9a16ab7602d9702a5f1d9 53e99b21b7602d97023b5e96 53e9b30ab7602d9703dd02dd 53e9ba60b7602d970467f0c9 53e99e7fb7602d970274211d 5b076eb4da5629516ce72ec2 53e99e5bb7602d9702720cfe 53e9ad6cb7602d9703756504 56d82b3ddabfae2eeefde9b3 558a3b7ce4b031bae1f66cb0 53e9ba69b7602d9704687376 53e9b489b7602d9703f8dd16 53e9bccbb7602d97049523f9 53e9ab64b7602d97034ff642 53e99cd2b7602d97025876e3 53e99dccb7602d970268fbc6 53e99f35b7602d970280692f 53e9b59ab7602d97040def81 53e9bc42b7602d97048b86f2
53e9b2eab7602d9703da593d,53e9a0d9b7602d97029c33f6 53e9ad47b7602d970372c87a 53e9afc7b7602d9703a17fe1 558a7b4984ae84d265bddf28 558b148ce4b0b32fcb3aa114 53e9b802b7602d97043b8784 557d40276feeaa8086da8bce 53e9a1e1b7602d9702adc156 5736958c6e3b12023e4aca3a 53e9b49ab7602d9703fa30f1 53e99bfeb7602d97024a90b6 558a5989e4b031bae1f71b70 53e9a440b7602d9702d5c23a 53e9af5ab7602d970399b49e 53e9a9c4b7602d9703320f9f 53e997e9b7602d9701fe4a34 53e99984b7602d97021c6b86 53e9ad8db7602d97037887f7 557d40396feeaa8086da8bdd 53e9a758b7602d97030946f9
53e9aa7ab7602d97033f4293,53e9b98ab7602d9704578c9f 53e9b94db7602d970453ca88 53e9a82cb7602d9703173bc3 558a7b0b84ae84d265bddddd 53e9a472b7602d9702d938c5 53e9a806b7602d97031467f5 53e9b2a3b7602d9703d4d763 558c5f0f84ae6766fdf2b120 558ad706e4b031bae1f9fda7 53e9bc7fb7602d97048fcd5c 53e999cbb7602d970221183d 53e997e4b7602d9701fdb8f2 558a505ce4b0b32fcb361496 53e9ba2db7602d970463af46 53e99e71b7602d9702738731 53e99bc0b7602d97024666fd 558aaed7e4b031bae1f90fb6 56d81595dabfae2eee6f5dc9 53e9a813b7602d9703159521 5c7858774895d9cbc692f6ba
53e9af53b7602d97039920d5,53e9b4e4b7602d970400f2dd 53e9a455b7602d9702d6fce8 53e99976b7602d97021b63e5 53e997ddb7602d9701fd5fbe 53e9aa5cb7602d97033ca366 53e9b976b7602d9704563eb1 53e9bd76b7602d9704a16fbe 53e99d13b7602d97025c7897 53e99c59b7602d970250ade6 53e9a3c7b7602d9702cd5524 53e9a66db7602d9702f9c37f 53e9a6f5b7602d970302cc94 53e9b6c4b7602d970424feca 53e9b3bcb7602d9703ea7a52 53e9b2a3b7602d9703d4d468 53e9b5fab7602d970414c6b4 53e9aa41b7602d97033af110 53e9a7a5b7602d97030def4c 53e9a0a6b7602d970298e238 53e9b228b7602d9703cc1be3
53e9b6fab7602d9704292fa7,53e9a627b7602d9702f5856f 558bf6e684ae6766fdf045c3 53e99f03b7602d97027d29d8 558c632ee4b0cfb70a1d6742 558aeebf84ae84d265c07f14 53e9bd0bb7602d9704993fbf 558a930184ae84d265be657e 53e99b31b7602d97023ce8ba 53e9a186b7602d9702a7ae24 53e9988cb7602d97020c7473 53e9bbeab7602d970483f6f5 53e9b3d4b7602d9703ebf49c 53e9bc42b7602d97048b656f 53e9baf6b7602d9704728912 53e9af5ab7602d970399ad84 53e9b9b9b7602d97045ae16e 53e997e4b7602d9701fdce12 56d8e716dabfae2eee3826ae 53e9b4bfb7602d9703fd9fc9 53e9b984b7602d970457534e
53e99e28b7602d97026ed138,53e9a7bab7602d97030f915b 53e99a98b7602d970230eb86 53e9a018b7602d97028fada5 53e9adf6b7602d97037ff04e 53e9a4dcb7602d9702dfbbd8 53e99d74b7602d970262f040 53e9b451b7602d9703f4d3ca 53e9a3abb7602d9702cbb91d 53e9bd38b7602d97049c4646 53e9af94b7602d97039da446 53e9a824b7602d970316b991 53e99b95b7602d970243c1ea 53e9ba23b7602d970462e9bd 53e9b422b7602d9703f1c8ae 53e9bbeab7602d9704841579 53e99c99b7602d970254d8be 53e9be56b7602d9704b1512e 53e9ac19b7602d97035db9aa 53e9bd32b7602d97049c1570 53e9b267b7602d9703d0933a
53e99a0eb7602d970225d2a5,53e9b911b7602d97044f92b6 53e99c75b7602d970252617c 53e9af40b7602d970397c53f 53e99b3cb7602d97023d9bba 53e9b572b7602d97040aede7 53e9b879b7602d9704446f05 53e9a122b7602d9702a10ba9 53e9bb5ab7602d970479ab14 53e9ab0db7602d970348fc1a 53e9a209b7602d9702b0e5e6 53e9bbadb7602d97047fac38 53e9a1c9b7602d9702abfdd9 53e9b8aeb7602d970448950c 53e9ba4ab7602d9704660082 53e9a0c3b7602d97029aca88 53e9ae5cb7602d97038736d7 53e9bd87b7602d9704a29024 53e9bbbcb7602d9704807344 53e9aef7b7602d970392696c 53e99a8bb7602d97022fe4cf
53e9a603b7602d9702f2f738,558aeee084ae84d265c07fc8 53e9ab89b7602d97035318cd 53e99acab7602d9702349918 53e9afc1b7602d9703a13f91 53e9b40eb7602d9703f02562 558a6d46e4b037c087571292 53e9a1fab7602d9702afb990 53e9aa8eb7602d970340494b 53e99ef4b7602d97027c3672 53e9b5c8b7602d9704113ca8 558afee2e4b0b32fcb3a1f76 53e9a1d0b7602d9702acaf9b 53e9b9eeb7602d97045eb680 53e9bb80b7602d97047c5598 53e9ae55b7602d970386db49 53e99f34b7602d97028008d9 53e9adc7b7602d97037caa6d 53e99dc5b7602d9702686652 53e9a6fdb7602d970303054b 53e9b9c7b7602d97045be9d5
53e9b527b7602d970405b4d7,53e9aaf3b7602d9703473b0a 53e9a95db7602d97032b461a 558ac84f84ae84d265bf9c15 558bb82ae4b0cfb70a19725c 558a538de4b031bae1f6f81a 53e9af99b7602d97039e1ce5 53e99ec4b7602d970278d662 53e9a3d4b7602d9702ceac42 53e9b808b7602d97043bec9f 53e9bcd9b7602d970495c202 558a788ce4b031bae1f7d677 558a4107e4b0b32fcb35b993 53e9abcfb7602d970358358f 558bb823e4b0cfb70a197233 53e9a7ddb7602d970311a785 53e9ba95b7602d97046bf25a 53e9ad12b7602d97036f57eb 53e9a011b7602d97028f1a01 53e99b43b7602d97023e5e9d 53e9ba32b7602d970463f232
53e99bd5b7602d970247e3e6,53e9a848b7602d970318e1f7 53e99cbcb7602d9702571a8a 53e9b866b7602d970442e565 53e9a751b7602d970308ce26 53e9a7d6b7602d9703116023 53e99eb5b7602d9702781692 53e9a6edb7602d9703023c06 53e9a8ffb7602d970324f30f 53e9a841b7602d970318ab2f 53e9986eb7602d97020a6194 53e99a04b7602d9702250148 53e9bd76b7602d9704a166ca 53e9bc6eb7602d97048ed24c 53e9bd64b7602d9704a028f3 53e99a62b7602d97022cd678 53e9b21ab7602d9703cb0446 53e9bd0bb7602d9704995026 53e9abf1b7602d97035ae80b 53e9a49cb7602d9702dbabd3 53e9aca1b7602d970367f463
53e9a2e4b7602d9702bf0058,558a4b54e4b037c0875647d3 53e9b31bb7602d9703de530e 557d8b48d19faf961d161a3c 53e9ba94b7602d97046ba471 53e99cf5b7602d97025a9df2 53e99bb9b7602d970245d401 53e9a749b7602d97030811de 53e9a2ebb7602d9702bf320a 53e99f11b7602d97027dd6ca 53e9baadb7602d97046dc5c6 557e3caaf6678c77ea2215d8 557e3e92f6678c77ea2216d8 557e067d6fee0fe990ca68a9 5583c6590cf2b21478edda3b 557e08816fee0fe990ca690e 557e06836fee0fe990ca68aa 53e9b07db7602d9703ae4fc7 557e07bb6fee0fe990ca68e3 557dbd38d19faf961d16373e 557d17c8f667eeed5619774e
53e9ab69b7602d9703504ad6,53e99d1ab7602d97025cde00 53e9b0fbb7602d9703b786cd 53e9b2efb7602d9703da9449 53e9a37ab7602d9702c86d04 53e9bcefb7602d9704973167 53e9a408b7602d9702d23fdc 53e9b90bb7602d97044f335d 53e999d8b7602d970221bfe7 53e9ad3bb7602d970371f988 53e9accbb7602d97036a7b38 53e9be79b7602d9704b3dc22 56d8636ddabfae2eee8df48a 53e9b2ffb7602d9703dc20f3 53e9a1c2b7602d9702ab7339 53e9ba70b7602d9704693e5f 53e9b60db7602d9704162719 53e99f42b7602d9702814cb2 53e9b891b7602d9704463ede 53e9b037b7602d9703a97d37 53e99e3eb7602d97027026f4
53e9adcdb7602d97037d29f5,53e9a5e2b7602d9702f0e1b3 53e99b95b7602d970243c07d 53e9b10fb7602d9703b8df66 53e99d2fb7602d97025e3350 53e9bae6b7602d9704713c2a 53e9abaab7602d9703559342 53e998d5b7602d970211173a 53e9a20fb7602d9702b122ea 53e9b289b7602d9703d2c631 558a86eae4b037c08757ab3e 53e9bc79b7602d97048fb838 53e9ac55b7602d9703627c4d 53e99f2db7602d97027f8843 53e9be03b7602d9704ab483f 53e99960b7602d97021a3949 53e9a2c8b7602d9702bd3fd4 53e9a099b7602d97029826fe 53e9ac43b7602d9703612f50 53e9afadb7602d97039fd774 53e9afadb7602d97039fd964
